epoch,time,train/box_loss,train/cls_loss,train/dfl_loss,metrics/precision(B),metrics/recall(B),metrics/mAP50(B),metrics/mAP50-95(B),val/box_loss,val/cls_loss,val/dfl_loss,lr/pg0,lr/pg1,lr/pg2
1,28.5702,3.0572,4.25542,4.22086,0.00048,0.07576,0.00028,6e-05,3.12085,4.21488,4.1612,0.00330275,0.00330275,0.00330275
2,55.1144,2.4517,2.87074,3.23174,0.51555,0.57465,0.60048,0.31111,1.79788,2.12894,2.62116,0.00662295,0.00662295,0.00662295
3,81.1076,1.93798,2.22542,2.61599,0.51998,0.60997,0.74123,0.41671,1.55203,3.4739,2.20924,0.00992994,0.00992994,0.00992994
4,107.328,1.62012,1.63105,2.23308,0.52392,0.41998,0.40336,0.2268,1.67679,5.3459,2.38558,0.0099406,0.0099406,0.0099406
5,133.503,1.47965,1.33713,2.05859,0.7583,0.53713,0.57667,0.3369,1.30687,3.24798,1.89695,0.0099208,0.0099208,0.0099208
6,159.426,1.37613,1.1434,1.95923,0.93166,0.87879,0.95172,0.63919,1.14358,1.01623,1.6962,0.009901,0.009901,0.009901
7,185.362,1.3219,1.03724,1.89674,0.92861,0.94127,0.9522,0.65618,1.07657,0.77952,1.63178,0.0098812,0.0098812,0.0098812
8,211.681,1.27791,0.95077,1.84888,0.77774,0.92999,0.95387,0.68348,1.05743,1.0056,1.62051,0.0098614,0.0098614,0.0098614
9,238.111,1.23262,0.88293,1.79833,0.92893,0.90474,0.95065,0.71269,0.95369,0.72873,1.50532,0.0098416,0.0098416,0.0098416
10,263.421,1.21027,0.83193,1.77272,0.92412,0.92414,0.95433,0.7212,0.91705,0.66101,1.48939,0.0098218,0.0098218,0.0098218
11,288.848,1.17463,0.79318,1.74132,0.95675,0.90626,0.95183,0.72281,0.92007,0.62595,1.51419,0.009802,0.009802,0.009802
12,313.964,1.15881,0.7741,1.72641,0.94121,0.95864,0.9677,0.67352,1.10678,0.65494,1.62206,0.0097822,0.0097822,0.0097822
13,339.618,1.13232,0.74928,1.69271,0.94762,0.95125,0.97865,0.70498,1.01929,0.58599,1.55244,0.0097624,0.0097624,0.0097624
14,365.526,1.12877,0.74324,1.68502,0.95035,0.95169,0.96914,0.74117,0.91002,0.53992,1.48098,0.0097426,0.0097426,0.0097426
15,391.72,1.09923,0.70482,1.6603,0.96916,0.96698,0.97484,0.75887,0.86633,0.51107,1.41544,0.0097228,0.0097228,0.0097228
16,416.885,1.09989,0.70859,1.65649,0.96951,0.97002,0.97371,0.75948,0.84123,0.49161,1.41142,0.009703,0.009703,0.009703
17,442.219,1.08484,0.68512,1.63695,0.96066,0.97598,0.98049,0.75856,0.86019,0.51891,1.39953,0.0096832,0.0096832,0.0096832
18,467.476,1.06651,0.67256,1.61849,0.9766,0.96717,0.97829,0.75038,0.88388,0.50967,1.42689,0.0096634,0.0096634,0.0096634
19,492.784,1.04509,0.66381,1.59697,0.971,0.95728,0.97316,0.77177,0.8174,0.52129,1.39279,0.0096436,0.0096436,0.0096436
20,517.762,1.04464,0.65299,1.60581,0.96517,0.96678,0.98003,0.77243,0.83599,0.47041,1.38145,0.0096238,0.0096238,0.0096238
21,542.859,1.03503,0.64505,1.59434,0.96502,0.97106,0.97978,0.77552,0.84275,0.4655,1.37568,0.009604,0.009604,0.009604
22,568.162,1.03589,0.64461,1.59028,0.97737,0.97518,0.97889,0.77228,0.84995,0.4327,1.38098,0.0095842,0.0095842,0.0095842
23,593.43,1.01645,0.62228,1.56423,0.97729,0.9736,0.98089,0.77697,0.8105,0.4351,1.35944,0.0095644,0.0095644,0.0095644
24,618.814,1.00547,0.61918,1.55265,0.96593,0.97481,0.97625,0.78188,0.79585,0.44807,1.35074,0.0095446,0.0095446,0.0095446
25,644.201,0.99668,0.60951,1.54707,0.98152,0.97585,0.98019,0.79168,0.78988,0.43488,1.34811,0.0095248,0.0095248,0.0095248
26,669.537,0.99969,0.61049,1.54971,0.98295,0.97294,0.9813,0.78827,0.78849,0.43128,1.3445,0.009505,0.009505,0.009505
27,694.882,0.98746,0.60513,1.53476,0.97451,0.97653,0.97883,0.78419,0.79329,0.4549,1.33964,0.0094852,0.0094852,0.0094852
28,720.242,0.98649,0.59766,1.53816,0.97156,0.9766,0.98056,0.78545,0.80423,0.43483,1.34424,0.0094654,0.0094654,0.0094654
29,745.42,0.9851,0.59766,1.52593,0.97731,0.97733,0.98203,0.80286,0.76417,0.42724,1.30505,0.0094456,0.0094456,0.0094456
30,772.12,0.96257,0.58739,1.51489,0.96926,0.9754,0.98241,0.79037,0.78912,0.41634,1.33046,0.0094258,0.0094258,0.0094258
31,799.308,0.96663,0.57667,1.51382,0.98297,0.98185,0.98305,0.80261,0.7515,0.40915,1.30255,0.009406,0.009406,0.009406
32,826.321,0.95884,0.58354,1.50633,0.98097,0.97779,0.98072,0.8034,0.74668,0.40868,1.28678,0.0093862,0.0093862,0.0093862
33,852.552,0.94951,0.57244,1.49946,0.97026,0.98228,0.97965,0.79132,0.76945,0.40219,1.30928,0.0093664,0.0093664,0.0093664
34,878.515,0.94933,0.5629,1.48561,0.98038,0.98423,0.98349,0.79639,0.76374,0.39073,1.30306,0.0093466,0.0093466,0.0093466
35,904.707,0.94538,0.56056,1.49025,0.9746,0.98522,0.9832,0.78288,0.81344,0.39528,1.34487,0.0093268,0.0093268,0.0093268
36,930.794,0.94429,0.56216,1.48571,0.98164,0.98223,0.9812,0.80332,0.75284,0.39912,1.29419,0.009307,0.009307,0.009307
37,957.037,0.93603,0.54176,1.48112,0.9749,0.98392,0.98096,0.79925,0.77043,0.3959,1.31295,0.0092872,0.0092872,0.0092872
38,983.403,0.93173,0.54931,1.47228,0.98166,0.98044,0.98327,0.80641,0.75893,0.38701,1.2855,0.0092674,0.0092674,0.0092674
39,1009.78,0.92753,0.54378,1.46456,0.97859,0.9824,0.98028,0.79445,0.77266,0.38679,1.30666,0.0092476,0.0092476,0.0092476
40,1035.91,0.92501,0.55335,1.46573,0.97443,0.98542,0.98311,0.79563,0.77726,0.40771,1.31737,0.0092278,0.0092278,0.0092278
41,1062.25,0.92778,0.54063,1.46828,0.97458,0.97573,0.98446,0.80231,0.78414,0.39335,1.31298,0.009208,0.009208,0.009208
42,1088.61,0.92659,0.54808,1.4711,0.98251,0.97985,0.98339,0.81035,0.72668,0.3753,1.26869,0.0091882,0.0091882,0.0091882
43,1114.94,0.91706,0.53595,1.46243,0.98264,0.98134,0.98491,0.81091,0.74401,0.36608,1.28797,0.0091684,0.0091684,0.0091684
44,1140.96,0.91585,0.52719,1.45739,0.98336,0.98471,0.98481,0.82123,0.7301,0.3812,1.27779,0.0091486,0.0091486,0.0091486
45,1167.03,0.92436,0.53829,1.46313,0.97744,0.98713,0.98168,0.80441,0.75908,0.38186,1.29686,0.0091288,0.0091288,0.0091288
46,1192.89,0.90318,0.53683,1.45118,0.9833,0.98101,0.98211,0.80467,0.7589,0.37698,1.28737,0.009109,0.009109,0.009109
47,1219.05,0.91229,0.53161,1.44592,0.98254,0.98241,0.98368,0.81549,0.7329,0.36384,1.26698,0.0090892,0.0090892,0.0090892
48,1245.57,0.90059,0.52576,1.43098,0.98292,0.98305,0.9848,0.80592,0.76189,0.37374,1.29795,0.0090694,0.0090694,0.0090694
49,1270.86,0.90166,0.51779,1.43271,0.9807,0.98471,0.98262,0.81693,0.73213,0.36012,1.27173,0.0090496,0.0090496,0.0090496
50,1295.94,0.89893,0.52602,1.43063,0.97615,0.985,0.98371,0.79801,0.78015,0.37278,1.30626,0.0090298,0.0090298,0.0090298
51,1321.11,0.89141,0.51758,1.4254,0.98241,0.98681,0.984,0.8173,0.73942,0.36328,1.27132,0.00901,0.00901,0.00901
52,1346.18,0.89085,0.51737,1.41875,0.97767,0.98529,0.98422,0.81117,0.74798,0.37428,1.28219,0.0089902,0.0089902,0.0089902
53,1371.39,0.88292,0.50349,1.40988,0.9841,0.98544,0.98314,0.81102,0.74927,0.36752,1.27099,0.0089704,0.0089704,0.0089704
54,1396.52,0.88383,0.5045,1.41475,0.98522,0.98721,0.98378,0.81645,0.73108,0.36155,1.26291,0.0089506,0.0089506,0.0089506
55,1421.7,0.87909,0.50067,1.40388,0.98375,0.987,0.98409,0.8179,0.72494,0.35676,1.26038,0.0089308,0.0089308,0.0089308
56,1446.95,0.87587,0.49587,1.39981,0.98531,0.98478,0.98457,0.82129,0.72053,0.36235,1.25431,0.008911,0.008911,0.008911
57,1472.17,0.8791,0.50012,1.39927,0.98514,0.98357,0.98405,0.82395,0.70577,0.3584,1.24591,0.0088912,0.0088912,0.0088912
58,1497.35,0.8686,0.49443,1.39473,0.98176,0.98963,0.98391,0.82307,0.70232,0.33666,1.24985,0.0088714,0.0088714,0.0088714
59,1522.61,0.86459,0.49144,1.39441,0.98339,0.98947,0.98157,0.81578,0.73313,0.34288,1.26021,0.0088516,0.0088516,0.0088516
60,1547.77,0.87134,0.48981,1.39497,0.98289,0.9837,0.98503,0.82204,0.7284,0.34187,1.25673,0.0088318,0.0088318,0.0088318
61,1572.93,0.8621,0.49036,1.38525,0.97923,0.97726,0.98355,0.82585,0.70108,0.34903,1.23749,0.008812,0.008812,0.008812
62,1598.22,0.86689,0.49502,1.39101,0.98527,0.98714,0.98462,0.82382,0.71267,0.34811,1.25788,0.0087922,0.0087922,0.0087922
63,1623.53,0.85971,0.49204,1.38385,0.9848,0.98721,0.98572,0.8235,0.72037,0.35221,1.25493,0.0087724,0.0087724,0.0087724
64,1648.75,0.8597,0.48588,1.37889,0.98295,0.98424,0.98275,0.82023,0.71876,0.34489,1.25561,0.0087526,0.0087526,0.0087526
65,1673.98,0.85067,0.48082,1.38023,0.9799,0.98963,0.98424,0.83203,0.70075,0.34226,1.23456,0.0087328,0.0087328,0.0087328
66,1699.23,0.84656,0.47665,1.372,0.98379,0.98721,0.9832,0.8182,0.71937,0.34401,1.25159,0.008713,0.008713,0.008713
67,1724.44,0.8598,0.48129,1.38297,0.98497,0.98763,0.98664,0.82337,0.71779,0.33612,1.24392,0.0086932,0.0086932,0.0086932
68,1749.51,0.85525,0.47547,1.37631,0.98443,0.9865,0.98466,0.82566,0.6871,0.33227,1.2269,0.0086734,0.0086734,0.0086734
69,1774.64,0.86002,0.48287,1.37727,0.98563,0.98959,0.98411,0.81996,0.71403,0.33786,1.23956,0.0086536,0.0086536,0.0086536
70,1799.86,0.83791,0.46951,1.36203,0.98434,0.98721,0.98503,0.82097,0.71841,0.32911,1.25259,0.0086338,0.0086338,0.0086338
71,1825.17,0.84369,0.47363,1.35976,0.98529,0.98609,0.98182,0.82105,0.7092,0.34176,1.24177,0.008614,0.008614,0.008614
72,1850.48,0.8454,0.48001,1.36011,0.98544,0.98721,0.98267,0.82153,0.70036,0.33463,1.23761,0.0085942,0.0085942,0.0085942
73,1875.75,0.83947,0.48123,1.3573,0.98566,0.98478,0.98407,0.82726,0.69881,0.33364,1.23638,0.0085744,0.0085744,0.0085744
74,1900.91,0.84012,0.46895,1.35158,0.98502,0.98721,0.98684,0.82659,0.71716,0.32956,1.24399,0.0085546,0.0085546,0.0085546
75,1926.14,0.84806,0.47795,1.37026,0.98526,0.98963,0.98449,0.83114,0.69667,0.33372,1.23386,0.0085348,0.0085348,0.0085348
76,1951.22,0.83769,0.47025,1.35378,0.98291,0.98963,0.98629,0.82902,0.70403,0.32468,1.23479,0.008515,0.008515,0.008515
77,1976.27,0.84074,0.46597,1.35942,0.98304,0.98913,0.98337,0.82836,0.70085,0.32782,1.23083,0.0084952,0.0084952,0.0084952
78,2001.59,0.83014,0.45772,1.34216,0.98413,0.98837,0.98263,0.82233,0.69218,0.32134,1.22725,0.0084754,0.0084754,0.0084754
79,2026.96,0.83008,0.46332,1.34751,0.98331,0.9882,0.98434,0.82504,0.69734,0.31982,1.23871,0.0084556,0.0084556,0.0084556
80,2052.22,0.82892,0.4626,1.34146,0.98498,0.98738,0.9838,0.82498,0.70586,0.33005,1.23725,0.0084358,0.0084358,0.0084358
81,2077.5,0.83618,0.46755,1.34784,0.98555,0.98822,0.98524,0.82938,0.70021,0.32455,1.24341,0.008416,0.008416,0.008416
82,2102.79,0.82603,0.45313,1.33698,0.98205,0.98963,0.98396,0.82577,0.6916,0.32476,1.23335,0.0083962,0.0083962,0.0083962
83,2128.03,0.81926,0.45352,1.32593,0.98514,0.98963,0.98502,0.83132,0.68532,0.32725,1.2248,0.0083764,0.0083764,0.0083764
84,2153.25,0.83131,0.46308,1.33133,0.98496,0.98963,0.98384,0.83313,0.69143,0.32459,1.22352,0.0083566,0.0083566,0.0083566
85,2178.57,0.81807,0.45831,1.31848,0.98577,0.98783,0.98273,0.82624,0.69124,0.32447,1.22874,0.0083368,0.0083368,0.0083368
86,2203.93,0.82526,0.45623,1.32683,0.98448,0.9893,0.98409,0.82773,0.68597,0.31938,1.22861,0.008317,0.008317,0.008317
87,2229.23,0.81115,0.43792,1.31866,0.98575,0.98738,0.98674,0.83563,0.69512,0.31991,1.22966,0.0082972,0.0082972,0.0082972
88,2254.44,0.82363,0.45231,1.33174,0.98514,0.98721,0.9842,0.82567,0.68964,0.31692,1.22578,0.0082774,0.0082774,0.0082774
89,2279.62,0.82017,0.44735,1.32845,0.98511,0.98601,0.98593,0.83192,0.69733,0.32989,1.23299,0.0082576,0.0082576,0.0082576
90,2304.88,0.81455,0.44804,1.31636,0.98231,0.9893,0.98378,0.83449,0.67832,0.32266,1.21781,0.0082378,0.0082378,0.0082378
91,2330.02,0.81644,0.44407,1.31759,0.98536,0.98674,0.98347,0.82731,0.69067,0.31894,1.22632,0.008218,0.008218,0.008218
92,2355.26,0.80852,0.45029,1.31266,0.98345,0.98643,0.98261,0.8277,0.68235,0.31237,1.21908,0.0081982,0.0081982,0.0081982
93,2380.39,0.82339,0.45245,1.31847,0.98534,0.98607,0.98601,0.83415,0.68046,0.31263,1.21643,0.0081784,0.0081784,0.0081784
94,2405.46,0.81216,0.44135,1.30822,0.98589,0.98432,0.98081,0.82089,0.68611,0.31988,1.23207,0.0081586,0.0081586,0.0081586
95,2430.64,0.81005,0.44249,1.30703,0.98528,0.98872,0.98527,0.8334,0.68484,0.31768,1.2157,0.0081388,0.0081388,0.0081388
96,2455.87,0.80845,0.44284,1.30864,0.98556,0.98963,0.98411,0.83144,0.68434,0.30923,1.21331,0.008119,0.008119,0.008119
97,2481.09,0.81029,0.43511,1.32138,0.98554,0.98912,0.98432,0.8294,0.68417,0.31669,1.22191,0.0080992,0.0080992,0.0080992
98,2506.25,0.80212,0.4421,1.31297,0.9855,0.98721,0.98547,0.83748,0.68572,0.30759,1.21819,0.0080794,0.0080794,0.0080794
99,2531.51,0.80263,0.42934,1.30003,0.98505,0.98955,0.98395,0.83666,0.68192,0.30208,1.22191,0.0080596,0.0080596,0.0080596
100,2556.73,0.8033,0.44325,1.30874,0.98588,0.98963,0.98624,0.83732,0.67924,0.30373,1.214,0.0080398,0.0080398,0.0080398
101,2581.91,0.80257,0.44438,1.29622,0.98547,0.98721,0.98512,0.83534,0.68358,0.30811,1.21433,0.00802,0.00802,0.00802
102,2607.06,0.80138,0.43523,1.30201,0.98542,0.98963,0.98414,0.83193,0.69169,0.31013,1.22097,0.0080002,0.0080002,0.0080002
103,2632.18,0.79714,0.43872,1.29563,0.98557,0.98941,0.98458,0.83558,0.66997,0.30426,1.20837,0.0079804,0.0079804,0.0079804
104,2657.39,0.80039,0.42411,1.28666,0.98569,0.98963,0.985,0.83471,0.68737,0.30104,1.21621,0.0079606,0.0079606,0.0079606
105,2682.68,0.79517,0.42613,1.29619,0.98234,0.98919,0.98271,0.82805,0.67982,0.30145,1.21244,0.0079408,0.0079408,0.0079408
106,2707.92,0.79146,0.42311,1.28741,0.98536,0.98721,0.98186,0.83593,0.67424,0.29373,1.21469,0.007921,0.007921,0.007921
107,2732.94,0.79136,0.42425,1.28959,0.98572,0.98669,0.98286,0.83433,0.68077,0.29476,1.21448,0.0079012,0.0079012,0.0079012
108,2758.18,0.80056,0.43301,1.30657,0.98599,0.98945,0.9856,0.83916,0.68315,0.30482,1.21883,0.0078814,0.0078814,0.0078814
109,2783.4,0.79524,0.42564,1.27841,0.98604,0.98761,0.98258,0.83349,0.67671,0.3075,1.21369,0.0078616,0.0078616,0.0078616
110,2808.4,0.78022,0.42172,1.279,0.98564,0.98699,0.98185,0.82915,0.68221,0.30741,1.21909,0.0078418,0.0078418,0.0078418
111,2833.3,0.79544,0.43392,1.28905,0.98558,0.98754,0.98384,0.83598,0.68227,0.29672,1.21497,0.007822,0.007822,0.007822
112,2858,0.78648,0.43013,1.27984,0.9836,0.98963,0.98377,0.83397,0.67678,0.30274,1.20988,0.0078022,0.0078022,0.0078022
113,2882.89,0.7864,0.42752,1.28593,0.9836,0.98936,0.98409,0.83661,0.6751,0.3094,1.20881,0.0077824,0.0077824,0.0077824
114,2907.64,0.78903,0.42637,1.28587,0.98551,0.98963,0.98292,0.83391,0.67532,0.29916,1.20957,0.0077626,0.0077626,0.0077626
115,2932.48,0.78828,0.43151,1.27828,0.98561,0.98929,0.98557,0.83811,0.66898,0.2886,1.20721,0.0077428,0.0077428,0.0077428
116,2957.31,0.77815,0.42271,1.26382,0.98529,0.98963,0.98334,0.83924,0.67505,0.29805,1.20762,0.007723,0.007723,0.007723
117,2982.06,0.78181,0.42165,1.26917,0.98515,0.98919,0.98451,0.83665,0.67457,0.2981,1.20698,0.0077032,0.0077032,0.0077032
118,3006.91,0.7777,0.42349,1.26049,0.98608,0.98959,0.98404,0.83302,0.67865,0.2923,1.20941,0.0076834,0.0076834,0.0076834
119,3031.81,0.77986,0.42057,1.26993,0.98399,0.98963,0.98546,0.84143,0.67167,0.30334,1.21267,0.0076636,0.0076636,0.0076636
120,3056.73,0.77856,0.42064,1.25457,0.98597,0.98445,0.98568,0.83964,0.67183,0.30571,1.21033,0.0076438,0.0076438,0.0076438
121,3081.63,0.77683,0.41225,1.2624,0.98349,0.98963,0.98467,0.83503,0.68649,0.30611,1.21713,0.007624,0.007624,0.007624
122,3106.49,0.77308,0.41673,1.25954,0.98306,0.98963,0.98242,0.83397,0.67747,0.30599,1.21122,0.0076042,0.0076042,0.0076042
123,3131.36,0.77662,0.41655,1.25776,0.98406,0.98911,0.98377,0.83473,0.67473,0.29925,1.20697,0.0075844,0.0075844,0.0075844
124,3156.31,0.78131,0.42236,1.25937,0.98546,0.98756,0.98411,0.83596,0.67102,0.30112,1.21,0.0075646,0.0075646,0.0075646
125,3181.19,0.7768,0.4129,1.26367,0.98282,0.98963,0.98448,0.83705,0.68016,0.30795,1.21235,0.0075448,0.0075448,0.0075448
126,3206.12,0.77309,0.41998,1.25695,0.98286,0.98963,0.98402,0.83629,0.66748,0.30126,1.20376,0.007525,0.007525,0.007525
127,3230.97,0.77855,0.41313,1.26149,0.98525,0.98721,0.98234,0.83736,0.67077,0.29772,1.2084,0.0075052,0.0075052,0.0075052
128,3255.77,0.776,0.41128,1.26033,0.985,0.98721,0.98244,0.83643,0.67046,0.3021,1.20798,0.0074854,0.0074854,0.0074854
129,3280.52,0.77759,0.41649,1.26211,0.9856,0.98963,0.98097,0.83071,0.66959,0.30393,1.20709,0.0074656,0.0074656,0.0074656
130,3305.33,0.77125,0.41214,1.25751,0.98491,0.98963,0.98505,0.84116,0.66713,0.30836,1.20499,0.0074458,0.0074458,0.0074458
131,3330.13,0.77514,0.41551,1.25159,0.98561,0.98963,0.98272,0.83726,0.67021,0.30771,1.2111,0.007426,0.007426,0.007426
132,3354.9,0.7691,0.40777,1.2425,0.98531,0.98721,0.98406,0.83888,0.66495,0.29774,1.20754,0.0074062,0.0074062,0.0074062
133,3379.58,0.77327,0.41669,1.25322,0.98533,0.98721,0.98465,0.83442,0.67185,0.29463,1.20904,0.0073864,0.0073864,0.0073864
134,3404.49,0.76152,0.40316,1.24437,0.98388,0.98963,0.98261,0.83666,0.67092,0.29603,1.21015,0.0073666,0.0073666,0.0073666
135,3429.26,0.76364,0.40543,1.24973,0.98563,0.98884,0.98203,0.83681,0.66483,0.29101,1.20199,0.0073468,0.0073468,0.0073468
136,3454.23,0.75635,0.40258,1.23977,0.98519,0.98963,0.98343,0.84033,0.66283,0.28946,1.20065,0.007327,0.007327,0.007327
137,3479.09,0.76591,0.41016,1.24158,0.9828,0.98963,0.98624,0.84266,0.66728,0.29439,1.20185,0.0073072,0.0073072,0.0073072
138,3504.01,0.75589,0.40442,1.23337,0.98249,0.98857,0.98267,0.8391,0.66332,0.29177,1.19825,0.0072874,0.0072874,0.0072874
139,3528.96,0.75768,0.40601,1.23522,0.98575,0.98957,0.98282,0.83446,0.66545,0.29748,1.20315,0.0072676,0.0072676,0.0072676
140,3553.83,0.75562,0.39828,1.2375,0.98517,0.98963,0.98504,0.84082,0.66215,0.28937,1.19919,0.0072478,0.0072478,0.0072478
141,3578.71,0.76254,0.39777,1.24162,0.98252,0.98912,0.98617,0.84331,0.6587,0.29047,1.19755,0.007228,0.007228,0.007228
142,3603.64,0.76309,0.40788,1.24718,0.98487,0.98721,0.98493,0.83962,0.66717,0.29026,1.20655,0.0072082,0.0072082,0.0072082
143,3628.61,0.75974,0.40235,1.23336,0.98478,0.98774,0.98483,0.84151,0.66674,0.29847,1.20474,0.0071884,0.0071884,0.0071884
144,3653.58,0.75909,0.39956,1.22986,0.98419,0.98963,0.98571,0.84409,0.66143,0.29867,1.2012,0.0071686,0.0071686,0.0071686
145,3678.47,0.74709,0.39095,1.22656,0.9849,0.98846,0.98444,0.84087,0.66342,0.29886,1.20126,0.0071488,0.0071488,0.0071488
146,3703.29,0.75811,0.39501,1.2353,0.98475,0.98963,0.98418,0.84396,0.66193,0.30339,1.19894,0.007129,0.007129,0.007129
147,3728.16,0.75323,0.39532,1.2358,0.98543,0.98963,0.98624,0.84237,0.66409,0.29454,1.19828,0.0071092,0.0071092,0.0071092
148,3753.03,0.75494,0.40476,1.2319,0.98567,0.98963,0.98652,0.84447,0.66695,0.29698,1.20398,0.0070894,0.0070894,0.0070894
149,3777.88,0.7551,0.38336,1.2394,0.98404,0.98963,0.98508,0.84019,0.6687,0.29498,1.20624,0.0070696,0.0070696,0.0070696
150,3802.73,0.75014,0.39747,1.23797,0.98588,0.98954,0.98652,0.84351,0.67138,0.28646,1.20592,0.0070498,0.0070498,0.0070498
151,3827.58,0.76075,0.40416,1.2369,0.9839,0.98963,0.9857,0.84188,0.66068,0.29161,1.1959,0.00703,0.00703,0.00703
152,3852.33,0.75181,0.39195,1.2268,0.98142,0.98963,0.98718,0.84725,0.66249,0.29058,1.19767,0.0070102,0.0070102,0.0070102
153,3877.03,0.74985,0.3955,1.23655,0.98292,0.98963,0.98487,0.83996,0.66047,0.28584,1.19353,0.0069904,0.0069904,0.0069904
154,3901.91,0.73765,0.39279,1.22079,0.98559,0.98963,0.9835,0.84372,0.65325,0.28336,1.18903,0.0069706,0.0069706,0.0069706
155,3926.7,0.75004,0.39565,1.2329,0.98553,0.98963,0.9854,0.84385,0.65073,0.2802,1.18976,0.0069508,0.0069508,0.0069508
156,3951.57,0.75189,0.39904,1.22447,0.98516,0.98963,0.98638,0.84408,0.65966,0.28245,1.19353,0.006931,0.006931,0.006931
157,3976.48,0.7391,0.39093,1.22385,0.98437,0.98963,0.98529,0.84031,0.66371,0.29345,1.19558,0.0069112,0.0069112,0.0069112
158,4001.38,0.7456,0.38959,1.21945,0.98602,0.98909,0.98687,0.8461,0.66004,0.28252,1.19414,0.0068914,0.0068914,0.0068914
159,4026.3,0.74565,0.39178,1.22266,0.98619,0.98932,0.98645,0.84245,0.65608,0.28662,1.19174,0.0068716,0.0068716,0.0068716
160,4051.15,0.75012,0.39129,1.22539,0.98372,0.98963,0.98629,0.84373,0.65766,0.28716,1.19256,0.0068518,0.0068518,0.0068518
161,4076.11,0.72755,0.38457,1.209,0.98442,0.98963,0.9867,0.84366,0.65923,0.28652,1.19407,0.006832,0.006832,0.006832
162,4101.05,0.75051,0.38885,1.22962,0.98358,0.98963,0.98651,0.84803,0.65813,0.28761,1.19406,0.0068122,0.0068122,0.0068122
163,4126,0.73962,0.37888,1.21519,0.98507,0.98963,0.98646,0.84628,0.65829,0.28755,1.19586,0.0067924,0.0067924,0.0067924
164,4150.84,0.73582,0.38209,1.21867,0.98347,0.98963,0.98408,0.8429,0.66018,0.29006,1.19587,0.0067726,0.0067726,0.0067726
165,4175.67,0.73526,0.38416,1.21035,0.98301,0.98963,0.98597,0.84656,0.66017,0.28865,1.19232,0.0067528,0.0067528,0.0067528
166,4200.58,0.74042,0.38355,1.21757,0.98349,0.98963,0.98654,0.84606,0.66151,0.2879,1.19392,0.006733,0.006733,0.006733
167,4225.41,0.74354,0.38353,1.22366,0.98342,0.98963,0.9871,0.84318,0.65966,0.28235,1.19537,0.0067132,0.0067132,0.0067132
168,4250.34,0.74135,0.38687,1.21786,0.98564,0.98963,0.98707,0.84216,0.66023,0.29016,1.19769,0.0066934,0.0066934,0.0066934
169,4275.22,0.74031,0.38691,1.22395,0.98243,0.98963,0.98609,0.84233,0.66258,0.2961,1.19904,0.0066736,0.0066736,0.0066736
170,4300.07,0.73374,0.38373,1.20279,0.98326,0.98963,0.98249,0.83992,0.6667,0.29467,1.20332,0.0066538,0.0066538,0.0066538
171,4324.85,0.73751,0.39162,1.20898,0.98515,0.98963,0.98621,0.84443,0.66553,0.2884,1.19866,0.006634,0.006634,0.006634
172,4349.78,0.73232,0.38719,1.21323,0.98443,0.98903,0.98375,0.83939,0.6637,0.29532,1.20032,0.0066142,0.0066142,0.0066142
173,4374.53,0.73248,0.3784,1.20602,0.98302,0.98757,0.9855,0.84034,0.66388,0.29493,1.20002,0.0065944,0.0065944,0.0065944
174,4399.39,0.73665,0.38817,1.21102,0.98467,0.98963,0.98629,0.84319,0.6644,0.29056,1.20184,0.0065746,0.0065746,0.0065746
175,4424.18,0.73714,0.37691,1.21468,0.98337,0.98786,0.98713,0.84514,0.66073,0.29157,1.19866,0.0065548,0.0065548,0.0065548
176,4449.05,0.73341,0.38608,1.20678,0.98449,0.98721,0.98713,0.84808,0.65725,0.28681,1.19659,0.006535,0.006535,0.006535
177,4473.9,0.73592,0.38171,1.21374,0.98521,0.98721,0.98677,0.84719,0.65632,0.28803,1.19446,0.0065152,0.0065152,0.0065152
178,4498.72,0.72895,0.37708,1.2054,0.98537,0.98721,0.98625,0.84462,0.658,0.2824,1.19384,0.0064954,0.0064954,0.0064954
179,4523.68,0.72717,0.38156,1.20614,0.985,0.98721,0.98575,0.84345,0.6576,0.27874,1.19213,0.0064756,0.0064756,0.0064756
180,4548.61,0.72642,0.37677,1.20833,0.98555,0.98878,0.98519,0.84612,0.65581,0.27657,1.19271,0.0064558,0.0064558,0.0064558
181,4573.44,0.73551,0.38561,1.21746,0.98559,0.98962,0.98724,0.84254,0.65611,0.28251,1.19293,0.006436,0.006436,0.006436
182,4598.44,0.7253,0.37324,1.19944,0.98586,0.9893,0.98426,0.84087,0.65772,0.27844,1.19275,0.0064162,0.0064162,0.0064162
183,4623.36,0.72421,0.37102,1.20142,0.98575,0.98963,0.98669,0.84692,0.65532,0.28147,1.19091,0.0063964,0.0063964,0.0063964
184,4648.26,0.73361,0.37647,1.21014,0.98507,0.98963,0.9851,0.8449,0.65583,0.28019,1.19028,0.0063766,0.0063766,0.0063766
185,4673.04,0.73107,0.37858,1.2078,0.98491,0.98949,0.98712,0.84384,0.65962,0.28761,1.19377,0.0063568,0.0063568,0.0063568
186,4697.95,0.73417,0.3763,1.2049,0.98492,0.98855,0.98783,0.84126,0.65788,0.29208,1.19348,0.006337,0.006337,0.006337
187,4722.78,0.72322,0.37499,1.20044,0.98108,0.98963,0.98536,0.8407,0.65918,0.29906,1.19411,0.0063172,0.0063172,0.0063172
188,4747.68,0.72813,0.37782,1.20547,0.98073,0.98917,0.98627,0.84387,0.65841,0.29462,1.1933,0.0062974,0.0062974,0.0062974
189,4772.48,0.72554,0.37413,1.20382,0.98519,0.98721,0.98721,0.84625,0.65726,0.28983,1.19162,0.0062776,0.0062776,0.0062776
190,4797.31,0.71838,0.37038,1.19389,0.985,0.98949,0.98542,0.84345,0.6564,0.28571,1.19052,0.0062578,0.0062578,0.0062578
191,4822.13,0.72155,0.37634,1.19605,0.98444,0.98963,0.98628,0.84664,0.65351,0.28145,1.18744,0.006238,0.006238,0.006238
192,4846.93,0.72964,0.37335,1.20658,0.98399,0.98963,0.98585,0.8466,0.65101,0.28082,1.18553,0.0062182,0.0062182,0.0062182
193,4871.79,0.73001,0.38168,1.20689,0.98337,0.98963,0.98544,0.8474,0.65076,0.28092,1.18562,0.0061984,0.0061984,0.0061984
194,4896.65,0.7235,0.37219,1.20311,0.98132,0.98903,0.98501,0.84562,0.65212,0.28568,1.18586,0.0061786,0.0061786,0.0061786
195,4921.47,0.72641,0.37976,1.2012,0.98087,0.98883,0.98479,0.8457,0.65423,0.28805,1.18753,0.0061588,0.0061588,0.0061588
196,4946.4,0.7239,0.37435,1.20595,0.98602,0.98432,0.986,0.84614,0.65651,0.29218,1.18795,0.006139,0.006139,0.006139
197,4971.32,0.72061,0.36856,1.19921,0.98609,0.98415,0.98622,0.84715,0.6549,0.28917,1.188,0.0061192,0.0061192,0.0061192
198,4996.25,0.71372,0.36941,1.19345,0.98478,0.98478,0.98647,0.84642,0.65494,0.28303,1.18793,0.0060994,0.0060994,0.0060994
199,5021.13,0.72133,0.37298,1.19934,0.98392,0.98478,0.98681,0.84776,0.65493,0.28695,1.18947,0.0060796,0.0060796,0.0060796
200,5046.06,0.72342,0.37366,1.20111,0.98327,0.985,0.98684,0.84884,0.65466,0.28815,1.1891,0.0060598,0.0060598,0.0060598
201,5070.98,0.71139,0.3688,1.18956,0.98349,0.98482,0.98628,0.84808,0.65459,0.28798,1.18958,0.00604,0.00604,0.00604
202,5095.87,0.71059,0.36534,1.19193,0.98422,0.98478,0.98716,0.8494,0.65288,0.28187,1.18787,0.0060202,0.0060202,0.0060202
203,5120.76,0.71367,0.36464,1.19844,0.98483,0.98478,0.98718,0.84754,0.65194,0.28647,1.18748,0.0060004,0.0060004,0.0060004
204,5145.62,0.71437,0.36958,1.18801,0.9841,0.98478,0.98686,0.8497,0.65142,0.2812,1.18704,0.0059806,0.0059806,0.0059806
205,5170.49,0.72034,0.37188,1.19537,0.98497,0.98478,0.98663,0.84775,0.65148,0.27706,1.18822,0.0059608,0.0059608,0.0059608
206,5195.38,0.71609,0.3662,1.19273,0.98484,0.98478,0.98623,0.84591,0.65167,0.27881,1.18963,0.005941,0.005941,0.005941
207,5220.21,0.715,0.37116,1.1901,0.98151,0.98938,0.98608,0.8471,0.65302,0.27894,1.19117,0.0059212,0.0059212,0.0059212
208,5245.19,0.71587,0.36866,1.19191,0.98145,0.98931,0.9855,0.84623,0.65207,0.27572,1.18906,0.0059014,0.0059014,0.0059014
209,5269.86,0.71342,0.37275,1.19144,0.9813,0.98915,0.98671,0.84705,0.6533,0.27865,1.18981,0.0058816,0.0058816,0.0058816
210,5294.77,0.71426,0.36051,1.19143,0.98151,0.98875,0.98642,0.84717,0.65272,0.27958,1.18898,0.0058618,0.0058618,0.0058618
211,5319.6,0.70665,0.36549,1.18621,0.98196,0.9891,0.98683,0.8478,0.65068,0.27618,1.18863,0.005842,0.005842,0.005842
212,5344.41,0.70704,0.36321,1.18442,0.98214,0.98963,0.98689,0.84711,0.65028,0.27424,1.18764,0.0058222,0.0058222,0.0058222
213,5369.32,0.71111,0.36641,1.18348,0.98244,0.98963,0.98692,0.84631,0.65141,0.27887,1.18705,0.0058024,0.0058024,0.0058024
214,5394.18,0.71139,0.36426,1.18864,0.98421,0.98721,0.98649,0.84766,0.65094,0.27168,1.18572,0.0057826,0.0057826,0.0057826
215,5418.97,0.70325,0.36082,1.18045,0.98213,0.98963,0.98564,0.84685,0.65374,0.27652,1.18878,0.0057628,0.0057628,0.0057628
216,5443.9,0.7023,0.35564,1.18078,0.98219,0.98963,0.98579,0.84678,0.65324,0.26926,1.18778,0.005743,0.005743,0.005743
217,5468.83,0.70615,0.36555,1.1832,0.98546,0.9887,0.98703,0.84531,0.65278,0.2714,1.18861,0.0057232,0.0057232,0.0057232
218,5493.72,0.70409,0.3634,1.18256,0.98552,0.98885,0.98732,0.84821,0.65052,0.27017,1.18704,0.0057034,0.0057034,0.0057034
219,5518.63,0.70043,0.35753,1.17683,0.98514,0.98721,0.98705,0.84741,0.64991,0.26962,1.18672,0.0056836,0.0056836,0.0056836
220,5543.54,0.72045,0.36909,1.19932,0.98186,0.98963,0.98708,0.84713,0.6501,0.27048,1.18729,0.0056638,0.0056638,0.0056638
221,5568.41,0.70444,0.36312,1.18102,0.98182,0.98956,0.98755,0.84669,0.64976,0.26982,1.18653,0.005644,0.005644,0.005644
222,5593.37,0.69797,0.35683,1.17436,0.98152,0.98963,0.98753,0.84549,0.6498,0.2717,1.18652,0.0056242,0.0056242,0.0056242
223,5618.17,0.69513,0.35625,1.17423,0.98123,0.98956,0.98636,0.84624,0.65064,0.27968,1.18647,0.0056044,0.0056044,0.0056044
224,5643.07,0.70514,0.36346,1.18272,0.98099,0.98952,0.98745,0.84725,0.6502,0.27579,1.18592,0.0055846,0.0055846,0.0055846
225,5668.05,0.70564,0.36126,1.17826,0.98113,0.98957,0.98734,0.84813,0.64987,0.27355,1.18591,0.0055648,0.0055648,0.0055648
226,5692.87,0.69833,0.35925,1.18062,0.98112,0.9895,0.98646,0.84749,0.64969,0.27106,1.186,0.005545,0.005545,0.005545
227,5717.7,0.69631,0.36126,1.17354,0.98085,0.98932,0.98686,0.84504,0.64906,0.27006,1.18498,0.0055252,0.0055252,0.0055252
228,5742.42,0.69919,0.36244,1.1773,0.98079,0.98927,0.98633,0.84326,0.64971,0.27157,1.18552,0.0055054,0.0055054,0.0055054
229,5767.3,0.7028,0.35521,1.18315,0.98078,0.98937,0.98616,0.84359,0.64895,0.26997,1.18551,0.0054856,0.0054856,0.0054856
230,5792.12,0.70255,0.36507,1.18082,0.98116,0.98963,0.98693,0.84472,0.64872,0.26886,1.18495,0.0054658,0.0054658,0.0054658
231,5816.97,0.70194,0.36151,1.17857,0.9813,0.98963,0.98728,0.84594,0.64848,0.27232,1.18439,0.005446,0.005446,0.005446
232,5841.81,0.70071,0.35906,1.17506,0.98127,0.98961,0.98728,0.84657,0.64777,0.27106,1.18368,0.0054262,0.0054262,0.0054262
233,5866.63,0.69491,0.35016,1.1724,0.9815,0.98962,0.98717,0.84757,0.648,0.2748,1.18434,0.0054064,0.0054064,0.0054064
234,5891.61,0.6945,0.35664,1.17676,0.98164,0.98963,0.98727,0.8463,0.64762,0.27113,1.18381,0.0053866,0.0053866,0.0053866
235,5916.5,0.69997,0.35983,1.17256,0.98151,0.98963,0.98787,0.84935,0.64786,0.27003,1.18416,0.0053668,0.0053668,0.0053668
236,5941.39,0.70012,0.35935,1.181,0.98192,0.98963,0.98775,0.84919,0.64778,0.27251,1.18427,0.005347,0.005347,0.005347
237,5966.24,0.69887,0.35989,1.18114,0.98195,0.98963,0.98776,0.84566,0.64836,0.27113,1.18458,0.0053272,0.0053272,0.0053272
238,5991.09,0.68913,0.35734,1.17025,0.98229,0.98963,0.98684,0.84399,0.64812,0.27118,1.18476,0.0053074,0.0053074,0.0053074
239,6016.03,0.68854,0.34911,1.16684,0.98226,0.98963,0.98689,0.845,0.6479,0.27094,1.18451,0.0052876,0.0052876,0.0052876
240,6040.93,0.69559,0.35861,1.18065,0.98222,0.98963,0.98662,0.84652,0.64754,0.27113,1.18454,0.0052678,0.0052678,0.0052678
241,6065.85,0.69207,0.35367,1.17165,0.98232,0.98963,0.98687,0.84773,0.64715,0.26822,1.1839,0.005248,0.005248,0.005248
242,6090.76,0.6807,0.34416,1.16195,0.98302,0.98753,0.98704,0.84991,0.64642,0.26629,1.18356,0.0052282,0.0052282,0.0052282
243,6115.6,0.69321,0.35282,1.16803,0.98538,0.98797,0.98668,0.84893,0.64676,0.26788,1.18368,0.0052084,0.0052084,0.0052084
244,6140.48,0.69452,0.35245,1.17242,0.98508,0.98899,0.9867,0.84648,0.64663,0.26998,1.18386,0.0051886,0.0051886,0.0051886
245,6165.18,0.68765,0.35441,1.16086,0.98493,0.98866,0.98682,0.84793,0.64759,0.271,1.18461,0.0051688,0.0051688,0.0051688
246,6190.05,0.68534,0.35615,1.16461,0.9858,0.98626,0.9877,0.84864,0.64786,0.27133,1.18501,0.005149,0.005149,0.005149
247,6214.78,0.68389,0.34618,1.16226,0.98158,0.98963,0.98745,0.84952,0.64734,0.27164,1.18462,0.0051292,0.0051292,0.0051292
248,6239.61,0.68584,0.34582,1.16896,0.9817,0.98932,0.98751,0.84863,0.64646,0.27296,1.18407,0.0051094,0.0051094,0.0051094
249,6264.46,0.70277,0.35624,1.17664,0.98503,0.98478,0.98726,0.84809,0.64694,0.27429,1.18448,0.0050896,0.0050896,0.0050896
250,6289.19,0.68545,0.34655,1.16542,0.98509,0.98478,0.98729,0.85347,0.64747,0.27441,1.18515,0.0050698,0.0050698,0.0050698
251,6314.12,0.69297,0.35264,1.1694,0.98466,0.98478,0.98763,0.85218,0.64758,0.27436,1.18481,0.00505,0.00505,0.00505
252,6338.99,0.69394,0.354,1.16903,0.9847,0.98478,0.98787,0.85282,0.64817,0.27584,1.18569,0.0050302,0.0050302,0.0050302
253,6363.9,0.68313,0.34851,1.16049,0.98439,0.98478,0.9875,0.85297,0.64795,0.27607,1.18542,0.0050104,0.0050104,0.0050104
254,6388.78,0.69085,0.35087,1.17445,0.98046,0.98935,0.98749,0.85187,0.64793,0.27435,1.18542,0.0049906,0.0049906,0.0049906
255,6413.69,0.69531,0.35496,1.17428,0.98065,0.98963,0.98729,0.85208,0.64821,0.27357,1.18608,0.0049708,0.0049708,0.0049708
256,6438.56,0.6804,0.35061,1.15989,0.98079,0.98963,0.98701,0.85262,0.64877,0.27171,1.18623,0.004951,0.004951,0.004951
257,6463.48,0.69085,0.34713,1.17105,0.98098,0.9891,0.98621,0.85096,0.64875,0.27466,1.18691,0.0049312,0.0049312,0.0049312
258,6488.37,0.6809,0.34516,1.15632,0.98072,0.9894,0.98689,0.85179,0.64864,0.27708,1.18701,0.0049114,0.0049114,0.0049114
259,6513.17,0.67914,0.3458,1.16456,0.9806,0.98939,0.98691,0.84975,0.64861,0.27709,1.18688,0.0048916,0.0048916,0.0048916
260,6538.03,0.67965,0.34288,1.15866,0.98064,0.98935,0.9877,0.85361,0.64837,0.27487,1.18609,0.0048718,0.0048718,0.0048718
261,6562.97,0.68054,0.34434,1.16062,0.98035,0.98927,0.98769,0.85171,0.64768,0.27453,1.18551,0.004852,0.004852,0.004852
262,6587.68,0.67774,0.34803,1.16597,0.98029,0.98926,0.98776,0.85189,0.64788,0.27501,1.18513,0.0048322,0.0048322,0.0048322
263,6612.49,0.68594,0.34785,1.16404,0.98025,0.98933,0.98781,0.85191,0.6477,0.27496,1.18525,0.0048124,0.0048124,0.0048124
264,6637.46,0.68863,0.35429,1.16526,0.98008,0.98908,0.98782,0.85183,0.64778,0.27512,1.18512,0.0047926,0.0047926,0.0047926
265,6662.32,0.67353,0.34102,1.15608,0.98007,0.98908,0.98783,0.85219,0.64792,0.27553,1.18512,0.0047728,0.0047728,0.0047728
266,6687.11,0.6804,0.34062,1.16283,0.98359,0.98522,0.98779,0.85315,0.64773,0.27527,1.18497,0.004753,0.004753,0.004753
267,6711.95,0.67941,0.34851,1.16036,0.9836,0.9852,0.98761,0.85266,0.6482,0.27539,1.18505,0.0047332,0.0047332,0.0047332
268,6736.8,0.6774,0.34329,1.15889,0.98358,0.98522,0.98757,0.85282,0.64757,0.27585,1.18454,0.0047134,0.0047134,0.0047134
269,6761.49,0.67907,0.34408,1.15621,0.98357,0.98523,0.98763,0.85039,0.64738,0.27718,1.1843,0.0046936,0.0046936,0.0046936
270,6786.25,0.67097,0.33341,1.15441,0.98359,0.98518,0.98765,0.85103,0.64737,0.27679,1.18445,0.0046738,0.0046738,0.0046738
271,6811.09,0.6731,0.34324,1.15524,0.98358,0.98516,0.98781,0.85188,0.64662,0.2762,1.18395,0.004654,0.004654,0.004654
272,6835.88,0.68476,0.34643,1.16697,0.98357,0.98517,0.98794,0.85043,0.64696,0.27688,1.18435,0.0046342,0.0046342,0.0046342
273,6860.57,0.67983,0.34107,1.16099,0.98356,0.98519,0.98812,0.85224,0.64705,0.279,1.18459,0.0046144,0.0046144,0.0046144
274,6885.37,0.67897,0.34041,1.15946,0.98359,0.98514,0.98787,0.85212,0.64699,0.27974,1.18452,0.0045946,0.0045946,0.0045946
275,6910.12,0.68471,0.33932,1.15992,0.98363,0.98512,0.98627,0.84997,0.64779,0.28033,1.18502,0.0045748,0.0045748,0.0045748
276,6934.8,0.67033,0.34548,1.15048,0.9836,0.98513,0.98548,0.84901,0.64755,0.27973,1.18486,0.004555,0.004555,0.004555
277,6959.56,0.67045,0.34148,1.1516,0.98357,0.98518,0.98522,0.84996,0.64772,0.2796,1.185,0.0045352,0.0045352,0.0045352
278,6984.35,0.6623,0.32974,1.14619,0.98349,0.98529,0.98694,0.85255,0.64721,0.27795,1.18481,0.0045154,0.0045154,0.0045154
279,7009.09,0.67604,0.34221,1.15812,0.98348,0.98535,0.98724,0.85366,0.64741,0.27823,1.1849,0.0044956,0.0044956,0.0044956
280,7033.82,0.66658,0.34232,1.1475,0.98348,0.98539,0.98735,0.85372,0.64745,0.27835,1.18486,0.0044758,0.0044758,0.0044758
281,7058.64,0.67007,0.34385,1.15271,0.98347,0.98542,0.98754,0.85438,0.64735,0.27803,1.18454,0.004456,0.004456,0.004456
282,7083.41,0.66759,0.33147,1.15106,0.98346,0.98547,0.98772,0.85502,0.64762,0.27869,1.18495,0.0044362,0.0044362,0.0044362
283,7108.22,0.66868,0.33778,1.14552,0.98345,0.98548,0.98781,0.8536,0.64755,0.27912,1.18501,0.0044164,0.0044164,0.0044164
284,7132.88,0.66596,0.33364,1.15055,0.98347,0.98545,0.98787,0.85319,0.64777,0.27928,1.18529,0.0043966,0.0043966,0.0043966
285,7157.66,0.66104,0.33514,1.14421,0.98346,0.98548,0.98809,0.85434,0.64751,0.27848,1.18492,0.0043768,0.0043768,0.0043768
286,7182.45,0.66908,0.33701,1.15431,0.98347,0.98548,0.98807,0.8536,0.64717,0.27876,1.18464,0.004357,0.004357,0.004357
287,7207.13,0.67241,0.33958,1.15239,0.98343,0.98553,0.98807,0.85432,0.6468,0.2793,1.18459,0.0043372,0.0043372,0.0043372
288,7231.69,0.66661,0.33954,1.14494,0.98341,0.98555,0.98808,0.85503,0.64679,0.27943,1.1841,0.0043174,0.0043174,0.0043174
289,7256.44,0.67212,0.34188,1.15547,0.9834,0.98554,0.98811,0.8557,0.64679,0.27869,1.18402,0.0042976,0.0042976,0.0042976
290,7281.16,0.67257,0.34692,1.14915,0.98342,0.98556,0.98822,0.85547,0.64725,0.27756,1.18438,0.0042778,0.0042778,0.0042778
291,7305.97,0.66256,0.32932,1.14489,0.98341,0.98558,0.9882,0.85483,0.64737,0.27731,1.18447,0.004258,0.004258,0.004258
292,7330.76,0.66335,0.34518,1.14625,0.98029,0.98928,0.98782,0.85539,0.64703,0.27773,1.18403,0.0042382,0.0042382,0.0042382
293,7355.59,0.66838,0.3351,1.1431,0.98025,0.98963,0.98787,0.85646,0.64697,0.27781,1.18377,0.0042184,0.0042184,0.0042184
294,7380.46,0.6634,0.33449,1.14589,0.98026,0.98963,0.98792,0.85573,0.6469,0.27824,1.18347,0.0041986,0.0041986,0.0041986
295,7405.21,0.66349,0.33184,1.14799,0.9802,0.98963,0.9881,0.85633,0.64707,0.27789,1.18373,0.0041788,0.0041788,0.0041788
296,7429.96,0.65789,0.33137,1.13917,0.98023,0.98963,0.98807,0.85616,0.64729,0.27821,1.18395,0.004159,0.004159,0.004159
297,7454.68,0.65884,0.33647,1.14653,0.98346,0.98555,0.98802,0.85555,0.64718,0.27831,1.18422,0.0041392,0.0041392,0.0041392
298,7479.51,0.66145,0.32965,1.14351,0.98019,0.98963,0.98803,0.85517,0.64739,0.27754,1.18446,0.0041194,0.0041194,0.0041194
299,7504.16,0.66552,0.32922,1.15452,0.98011,0.98963,0.98811,0.85379,0.64755,0.2784,1.18466,0.0040996,0.0040996,0.0040996
300,7528.91,0.66065,0.33316,1.14519,0.98019,0.98963,0.9881,0.85409,0.64761,0.27796,1.18482,0.0040798,0.0040798,0.0040798
301,7553.62,0.6611,0.33247,1.13999,0.98015,0.98963,0.98786,0.85501,0.64785,0.27847,1.18514,0.00406,0.00406,0.00406
302,7578.34,0.66695,0.33425,1.14032,0.9802,0.98963,0.98747,0.85463,0.64798,0.27872,1.18537,0.0040402,0.0040402,0.0040402
303,7602.89,0.65386,0.33239,1.14428,0.98014,0.98963,0.98652,0.85255,0.64778,0.2782,1.18523,0.0040204,0.0040204,0.0040204
304,7627.52,0.6636,0.33414,1.14231,0.9802,0.98963,0.98638,0.85224,0.64783,0.27838,1.1853,0.0040006,0.0040006,0.0040006
305,7652.16,0.6613,0.33376,1.14187,0.98019,0.98963,0.98685,0.85384,0.64747,0.27908,1.18536,0.0039808,0.0039808,0.0039808
306,7676.99,0.66002,0.33434,1.14371,0.98015,0.98963,0.98672,0.85481,0.64767,0.2786,1.18554,0.003961,0.003961,0.003961
307,7701.69,0.6536,0.32833,1.13514,0.98016,0.98963,0.98637,0.85379,0.64783,0.2789,1.18558,0.0039412,0.0039412,0.0039412
308,7726.29,0.65497,0.32653,1.13853,0.98017,0.98963,0.98607,0.85238,0.64771,0.278,1.18533,0.0039214,0.0039214,0.0039214
309,7751.11,0.65754,0.33802,1.14507,0.98017,0.98963,0.98625,0.85283,0.64772,0.27866,1.18575,0.0039016,0.0039016,0.0039016
310,7775.79,0.65812,0.32897,1.14108,0.98021,0.98963,0.98636,0.85208,0.64793,0.27851,1.18579,0.0038818,0.0038818,0.0038818
311,7800.47,0.65597,0.33109,1.13842,0.98022,0.98963,0.98613,0.85108,0.64791,0.27808,1.18602,0.003862,0.003862,0.003862
312,7825.36,0.65627,0.33004,1.1422,0.98016,0.98963,0.98617,0.85223,0.64792,0.27821,1.18611,0.0038422,0.0038422,0.0038422
313,7850.11,0.65335,0.32657,1.13588,0.98019,0.98963,0.98624,0.85149,0.64812,0.27777,1.18634,0.0038224,0.0038224,0.0038224
314,7874.9,0.65486,0.32709,1.13897,0.98026,0.98963,0.98628,0.85172,0.64825,0.27748,1.1863,0.0038026,0.0038026,0.0038026
315,7899.69,0.65377,0.32638,1.13123,0.9803,0.98963,0.98626,0.85209,0.64843,0.27733,1.18637,0.0037828,0.0037828,0.0037828
316,7924.49,0.64932,0.32664,1.13368,0.98034,0.98963,0.98623,0.8519,0.64865,0.27756,1.18652,0.003763,0.003763,0.003763
317,7949.29,0.6549,0.32562,1.1358,0.98034,0.98963,0.98636,0.85255,0.6485,0.27801,1.18614,0.0037432,0.0037432,0.0037432
318,7974.08,0.64582,0.32601,1.13266,0.98036,0.98963,0.98638,0.85311,0.64824,0.27832,1.18595,0.0037234,0.0037234,0.0037234
319,7998.93,0.65729,0.33418,1.14466,0.98038,0.98963,0.98651,0.85225,0.64831,0.27834,1.18593,0.0037036,0.0037036,0.0037036
320,8023.57,0.65494,0.33117,1.13557,0.98033,0.98963,0.98656,0.85155,0.6482,0.27815,1.18576,0.0036838,0.0036838,0.0036838
321,8048.35,0.64684,0.32462,1.13183,0.98033,0.98963,0.9867,0.85215,0.64827,0.27829,1.1861,0.003664,0.003664,0.003664
322,8073.15,0.65595,0.31974,1.1331,0.98033,0.98963,0.98718,0.8513,0.6484,0.27836,1.18626,0.0036442,0.0036442,0.0036442
323,8097.78,0.65048,0.32733,1.13706,0.98034,0.98963,0.9873,0.8516,0.64824,0.27777,1.18629,0.0036244,0.0036244,0.0036244
324,8122.52,0.64869,0.32544,1.13423,0.98036,0.98963,0.98738,0.85261,0.64847,0.27727,1.18648,0.0036046,0.0036046,0.0036046
325,8147.28,0.64403,0.32207,1.12974,0.9804,0.98963,0.98741,0.85189,0.64825,0.27744,1.18649,0.0035848,0.0035848,0.0035848
326,8171.8,0.64087,0.3234,1.12986,0.98045,0.98963,0.98778,0.85163,0.64819,0.27778,1.18635,0.003565,0.003565,0.003565
327,8196.33,0.65062,0.32814,1.13615,0.98041,0.98963,0.98767,0.85205,0.6482,0.27803,1.18638,0.0035452,0.0035452,0.0035452
328,8221.08,0.64783,0.3234,1.13041,0.9804,0.98963,0.98762,0.85296,0.64837,0.27856,1.18645,0.0035254,0.0035254,0.0035254
329,8245.88,0.65195,0.32369,1.13463,0.98036,0.98963,0.98757,0.85273,0.64801,0.27869,1.18644,0.0035056,0.0035056,0.0035056
330,8270.65,0.64164,0.31805,1.13103,0.98034,0.98963,0.98736,0.85242,0.6482,0.27853,1.18662,0.0034858,0.0034858,0.0034858
331,8295.52,0.65218,0.3242,1.13093,0.98039,0.98963,0.98734,0.85251,0.64813,0.27849,1.18658,0.003466,0.003466,0.003466
332,8320.29,0.6508,0.32496,1.13599,0.98036,0.98963,0.98725,0.85232,0.64795,0.27872,1.18656,0.0034462,0.0034462,0.0034462
333,8345,0.64578,0.31965,1.13415,0.98033,0.98963,0.98728,0.85246,0.64784,0.27946,1.18655,0.0034264,0.0034264,0.0034264
334,8369.77,0.65427,0.32795,1.13927,0.98033,0.98963,0.9875,0.85221,0.64772,0.27965,1.18655,0.0034066,0.0034066,0.0034066
335,8394.56,0.64446,0.31982,1.13119,0.98028,0.98963,0.98749,0.85366,0.6478,0.27939,1.18666,0.0033868,0.0033868,0.0033868
336,8419.35,0.62964,0.31693,1.12053,0.98028,0.98963,0.98751,0.85484,0.64769,0.27935,1.1865,0.003367,0.003367,0.003367
337,8444.11,0.64281,0.31753,1.13283,0.98028,0.98963,0.98741,0.8547,0.64766,0.2791,1.18636,0.0033472,0.0033472,0.0033472
338,8468.84,0.65145,0.32161,1.13646,0.98032,0.98963,0.98731,0.85403,0.64762,0.27942,1.1863,0.0033274,0.0033274,0.0033274
339,8493.49,0.65819,0.32086,1.13732,0.98035,0.98963,0.98735,0.85362,0.64775,0.27932,1.18641,0.0033076,0.0033076,0.0033076
340,8518.33,0.64626,0.32116,1.13135,0.98041,0.98963,0.98706,0.8531,0.64784,0.2794,1.18661,0.0032878,0.0032878,0.0032878
341,8543.06,0.64759,0.32834,1.13463,0.98037,0.98963,0.98683,0.85269,0.64806,0.27887,1.18669,0.003268,0.003268,0.003268
342,8567.85,0.63553,0.32132,1.12948,0.98037,0.98963,0.9868,0.85202,0.64796,0.27797,1.18673,0.0032482,0.0032482,0.0032482
343,8592.61,0.64452,0.32219,1.13259,0.98046,0.98963,0.98705,0.85251,0.648,0.27831,1.18706,0.0032284,0.0032284,0.0032284
344,8617.05,0.6423,0.32053,1.13165,0.98042,0.98963,0.98764,0.85279,0.64799,0.27783,1.18724,0.0032086,0.0032086,0.0032086
345,8641.5,0.63249,0.31386,1.11791,0.98044,0.98963,0.98768,0.85362,0.64807,0.27708,1.18712,0.0031888,0.0031888,0.0031888
346,8666.28,0.63174,0.31412,1.12025,0.98049,0.98963,0.98761,0.85226,0.64811,0.27735,1.18716,0.003169,0.003169,0.003169
347,8690.95,0.62876,0.31395,1.12108,0.98052,0.98963,0.98758,0.85271,0.64802,0.27742,1.18717,0.0031492,0.0031492,0.0031492
348,8715.7,0.64368,0.32264,1.12928,0.98056,0.98963,0.98748,0.85236,0.64791,0.27746,1.18714,0.0031294,0.0031294,0.0031294
349,8740.42,0.6316,0.31543,1.12393,0.98056,0.98963,0.98733,0.85247,0.64791,0.27682,1.18712,0.0031096,0.0031096,0.0031096
350,8765.23,0.63623,0.31392,1.12781,0.98057,0.98963,0.98728,0.85245,0.64817,0.27745,1.18743,0.0030898,0.0030898,0.0030898
351,8790.06,0.63644,0.31761,1.1291,0.98057,0.98963,0.98699,0.85339,0.64762,0.27685,1.18715,0.00307,0.00307,0.00307
352,8814.83,0.63526,0.31784,1.12744,0.98062,0.98963,0.98687,0.85314,0.64753,0.27649,1.187,0.0030502,0.0030502,0.0030502
353,8839.58,0.63499,0.31818,1.12637,0.98056,0.98963,0.98654,0.85278,0.64738,0.27638,1.18691,0.0030304,0.0030304,0.0030304
354,8864.29,0.63385,0.31929,1.12638,0.98054,0.98963,0.98644,0.85153,0.64745,0.27582,1.18694,0.0030106,0.0030106,0.0030106
355,8888.99,0.63346,0.31654,1.12188,0.98051,0.98963,0.98634,0.85146,0.64764,0.27546,1.18711,0.0029908,0.0029908,0.0029908
356,8913.76,0.62596,0.3142,1.12035,0.98046,0.98963,0.98628,0.85102,0.64781,0.27554,1.18747,0.002971,0.002971,0.002971
357,8938.52,0.62975,0.31325,1.12285,0.9804,0.98963,0.98628,0.85067,0.64818,0.27599,1.18759,0.0029512,0.0029512,0.0029512
358,8963.28,0.63617,0.31645,1.12236,0.98039,0.98963,0.98639,0.85024,0.64814,0.27564,1.18777,0.0029314,0.0029314,0.0029314
359,8987.88,0.63353,0.31679,1.12404,0.98035,0.98963,0.98685,0.85109,0.6483,0.27555,1.18762,0.0029116,0.0029116,0.0029116
360,9012.62,0.62723,0.31324,1.11917,0.98032,0.98963,0.9873,0.85158,0.64839,0.27626,1.18764,0.0028918,0.0028918,0.0028918
361,9037.25,0.62482,0.30271,1.11422,0.98032,0.98963,0.98715,0.85155,0.64839,0.27682,1.18771,0.002872,0.002872,0.002872
362,9061.96,0.63296,0.3193,1.1196,0.98029,0.98963,0.98692,0.85107,0.6483,0.27729,1.18778,0.0028522,0.0028522,0.0028522
363,9086.66,0.6283,0.31236,1.11612,0.9803,0.98963,0.98769,0.85211,0.64833,0.27841,1.18778,0.0028324,0.0028324,0.0028324
364,9111.37,0.62856,0.31124,1.12191,0.98029,0.98963,0.98776,0.85187,0.64849,0.28009,1.18787,0.0028126,0.0028126,0.0028126
365,9135.99,0.62231,0.30885,1.10953,0.98027,0.98963,0.98749,0.85294,0.64841,0.28099,1.18782,0.0027928,0.0027928,0.0027928
366,9160.57,0.63,0.31156,1.11512,0.98029,0.98963,0.98711,0.85222,0.6485,0.28196,1.188,0.002773,0.002773,0.002773
367,9185.27,0.62538,0.30808,1.11695,0.98032,0.98963,0.98687,0.85147,0.64852,0.28147,1.18805,0.0027532,0.0027532,0.0027532
368,9210.12,0.61778,0.30434,1.10769,0.98033,0.98963,0.98684,0.85069,0.64866,0.28137,1.18829,0.0027334,0.0027334,0.0027334
369,9234.88,0.62985,0.31772,1.11914,0.98034,0.98963,0.98685,0.85071,0.64861,0.28158,1.18837,0.0027136,0.0027136,0.0027136
370,9259.71,0.61929,0.3062,1.1148,0.98035,0.98963,0.9871,0.85084,0.64886,0.28184,1.18836,0.0026938,0.0026938,0.0026938
371,9284.5,0.63133,0.31163,1.11556,0.98033,0.98963,0.98724,0.85132,0.64893,0.2813,1.18849,0.002674,0.002674,0.002674
372,9309.27,0.62515,0.308,1.10932,0.98035,0.98963,0.987,0.85005,0.64882,0.28094,1.1884,0.0026542,0.0026542,0.0026542
373,9334.04,0.62925,0.31325,1.11466,0.98039,0.98963,0.98705,0.84932,0.64875,0.28132,1.18853,0.0026344,0.0026344,0.0026344
374,9358.85,0.62095,0.30982,1.11145,0.98042,0.98963,0.98715,0.8494,0.64896,0.28163,1.18867,0.0026146,0.0026146,0.0026146
375,9383.68,0.62782,0.31138,1.11962,0.98045,0.98963,0.98703,0.84843,0.64889,0.28192,1.18886,0.0025948,0.0025948,0.0025948
376,9408.52,0.62234,0.30745,1.11265,0.98046,0.98963,0.98674,0.84894,0.6489,0.2807,1.18887,0.002575,0.002575,0.002575
377,9433.3,0.61922,0.30461,1.11105,0.98048,0.98963,0.98674,0.84874,0.64893,0.28024,1.18894,0.0025552,0.0025552,0.0025552
378,9458.11,0.62663,0.30784,1.11874,0.98046,0.98963,0.98696,0.85052,0.64886,0.27952,1.18905,0.0025354,0.0025354,0.0025354
379,9482.77,0.62381,0.30768,1.11329,0.98049,0.98963,0.98671,0.84909,0.64868,0.27967,1.18894,0.0025156,0.0025156,0.0025156
380,9507.62,0.62951,0.30898,1.11719,0.98049,0.98963,0.98651,0.84886,0.64875,0.27932,1.18885,0.0024958,0.0024958,0.0024958
381,9532.23,0.61987,0.306,1.11198,0.98053,0.98963,0.9862,0.84819,0.64871,0.27969,1.1889,0.002476,0.002476,0.002476
382,9557.01,0.6166,0.31049,1.11406,0.98053,0.98963,0.98643,0.84833,0.64879,0.27942,1.18893,0.0024562,0.0024562,0.0024562
383,9581.45,0.61745,0.30083,1.10903,0.9806,0.98963,0.98642,0.84932,0.64876,0.27969,1.18897,0.0024364,0.0024364,0.0024364
384,9606.19,0.62049,0.3066,1.10856,0.98064,0.98963,0.98644,0.8494,0.64893,0.28063,1.18907,0.0024166,0.0024166,0.0024166
385,9631.02,0.61653,0.30085,1.10701,0.98063,0.98963,0.98649,0.8495,0.64903,0.28131,1.18918,0.0023968,0.0023968,0.0023968
386,9655.71,0.61801,0.30657,1.117,0.98063,0.98963,0.98656,0.84963,0.64883,0.28106,1.18917,0.002377,0.002377,0.002377
387,9680.47,0.619,0.30437,1.11112,0.9807,0.98963,0.98678,0.84965,0.64886,0.28079,1.1892,0.0023572,0.0023572,0.0023572
388,9705.23,0.61416,0.30565,1.1058,0.98071,0.98963,0.98686,0.84982,0.64894,0.28079,1.18931,0.0023374,0.0023374,0.0023374
389,9730.02,0.6176,0.30174,1.11105,0.9807,0.98963,0.9873,0.8503,0.64901,0.28062,1.18939,0.0023176,0.0023176,0.0023176
390,9754.92,0.61623,0.30166,1.1122,0.98073,0.98963,0.98731,0.84985,0.64922,0.28068,1.18943,0.0022978,0.0022978,0.0022978
391,9779.59,0.61157,0.2993,1.10787,0.98073,0.98963,0.98748,0.85,0.64904,0.2812,1.18949,0.002278,0.002278,0.002278
392,9804.29,0.61996,0.30645,1.11219,0.98076,0.98963,0.98747,0.85018,0.64929,0.28099,1.18961,0.0022582,0.0022582,0.0022582
393,9828.99,0.61277,0.29704,1.10355,0.98075,0.98963,0.9868,0.85012,0.64927,0.28149,1.18965,0.0022384,0.0022384,0.0022384
